[{"model": "admin.logentry", "pk": 1, "fields": {"action_time": "2026-05-03T20:50:02.231Z", "user": 1, "content_type": 7, "object_id": "1", "object_repr": "Байчук Владислав — Frontend Developer (Vue.js/Nuxt)", "action_flag": 3, "change_message": ""}}, {"model": "admin.logentry", "pk": 2, "fields": {"action_time": "2026-05-03T20:51:07.193Z", "user": 1, "content_type": 8, "object_id": "1", "object_repr": "Санитар", "action_flag": 1, "change_message": "[{\"added\": {}}]"}}, {"model": "admin.logentry", "pk": 3, "fields": {"action_time": "2026-05-03T20:55:33.838Z", "user": 1, "content_type": 8, "object_id": "2", "object_repr": "Тест вакансии 2", "action_flag": 1, "change_message": "[{\"added\": {}}]"}}, {"model": "admin.logentry", "pk": 4, "fields": {"action_time": "2026-05-03T20:56:31.341Z", "user": 1, "content_type": 8, "object_id": "3", "object_repr": "тест вакансси 3", "action_flag": 1, "change_message": "[{\"added\": {}}]"}}, {"model": "admin.logentry", "pk": 5, "fields": {"action_time": "2026-05-03T20:57:48.884Z", "user": 1, "content_type": 8, "object_id": "4", "object_repr": "вакансия не должна показываться", "action_flag": 1, "change_message": "[{\"added\": {}}]"}}, {"model": "admin.logentry", "pk": 6, "fields": {"action_time": "2026-05-04T05:48:54.895Z", "user": 1, "content_type": 8, "object_id": "4", "object_repr": "вакансия не должна показываться", "action_flag": 3, "change_message": ""}}, {"model": "admin.logentry", "pk": 7, "fields": {"action_time": "2026-05-04T05:48:58.079Z", "user": 1, "content_type": 8, "object_id": "3", "object_repr": "тест вакансси 3", "action_flag": 3, "change_message": ""}}, {"model": "admin.logentry", "pk": 8, "fields": {"action_time": "2026-05-04T05:49:02.555Z", "user": 1, "content_type": 8, "object_id": "2", "object_repr": "Тест вакансии 2", "action_flag": 3, "change_message": ""}}, {"model": "admin.logentry", "pk": 9, "fields": {"action_time": "2026-05-04T05:53:28.589Z", "user": 1, "content_type": 8, "object_id": "5", "object_repr": "Senior Python Developer (Backend)", "action_flag": 1, "change_message": "[{\"added\": {}}]"}}, {"model": "admin.logentry", "pk": 10, "fields": {"action_time": "2026-05-04T05:56:10.156Z", "user": 1, "content_type": 8, "object_id": "6", "object_repr": "Руководитель отдела маркетинга", "action_flag": 1, "change_message": "[{\"added\": {}}]"}}, {"model": "admin.logentry", "pk": 11, "fields": {"action_time": "2026-05-04T05:58:15.804Z", "user": 1, "content_type": 8, "object_id": "7", "object_repr": "Менеджер по продажам", "action_flag": 1, "change_message": "[{\"added\": {}}]"}}, {"model": "admin.logentry", "pk": 12, "fields": {"action_time": "2026-05-05T07:07:34.813Z", "user": 1, "content_type": 8, "object_id": "7", "object_repr": "Менеджер по продажам", "action_flag": 2, "change_message": "[]"}}, {"model": "admin.logentry", "pk": 13, "fields": {"action_time": "2026-05-05T11:15:56.841Z", "user": 1, "content_type": 9, "object_id": "1", "object_repr": "Иван Иванович", "action_flag": 1, "change_message": "[{\"added\": {}}]"}}, {"model": "admin.logentry", "pk": 14, "fields": {"action_time": "2026-05-05T11:16:51.361Z", "user": 1, "content_type": 9, "object_id": "2", "object_repr": "Петр Петрович", "action_flag": 1, "change_message": "[{\"added\": {}}]"}}, {"model": "admin.logentry", "pk": 15, "fields": {"action_time": "2026-05-05T11:17:42.257Z", "user": 1, "content_type": 9, "object_id": "3", "object_repr": "Михаил Михалыч", "action_flag": 1, "change_message": "[{\"added\": {}}]"}}, {"model": "admin.logentry", "pk": 16, "fields": {"action_time": "2026-05-05T11:18:05.408Z", "user": 1, "content_type": 9, "object_id": "2", "object_repr": "Петр Петрович", "action_flag": 2, "change_message": "[{\"changed\": {\"fields\": [\"\\u041f\\u043e\\u0440\\u044f\\u0434\\u043e\\u043a\"]}}]"}}, {"model": "admin.logentry", "pk": 17, "fields": {"action_time": "2026-05-05T11:19:03.433Z", "user": 1, "content_type": 9, "object_id": "4", "object_repr": "Владимир Владимирович", "action_flag": 1, "change_message": "[{\"added\": {}}]"}}, {"model": "admin.logentry", "pk": 18, "fields": {"action_time": "2026-05-05T11:50:40.549Z", "user": 1, "content_type": 9, "object_id": "4", "object_repr": "Владимир Владимирович", "action_flag": 2, "change_message": "[{\"changed\": {\"fields\": [\"\\u041e\\u043f\\u0438\\u0441\\u0430\\u043d\\u0438\\u0435\"]}}]"}}, {"model": "admin.logentry", "pk": 19, "fields": {"action_time": "2026-05-05T11:50:49.244Z", "user": 1, "content_type": 9, "object_id": "3", "object_repr": "Михаил Михалыч", "action_flag": 2, "change_message": "[{\"changed\": {\"fields\": [\"\\u041e\\u043f\\u0438\\u0441\\u0430\\u043d\\u0438\\u0435\"]}}]"}}, {"model": "admin.logentry", "pk": 20, "fields": {"action_time": "2026-05-05T11:50:54.116Z", "user": 1, "content_type": 9, "object_id": "2", "object_repr": "Петр Петрович", "action_flag": 2, "change_message": "[{\"changed\": {\"fields\": [\"\\u041e\\u043f\\u0438\\u0441\\u0430\\u043d\\u0438\\u0435\"]}}]"}}, {"model": "admin.logentry", "pk": 21, "fields": {"action_time": "2026-05-05T11:50:58.928Z", "user": 1, "content_type": 9, "object_id": "1", "object_repr": "Иван Иванович", "action_flag": 2, "change_message": "[{\"changed\": {\"fields\": [\"\\u041e\\u043f\\u0438\\u0441\\u0430\\u043d\\u0438\\u0435\"]}}]"}}, {"model": "admin.logentry", "pk": 22, "fields": {"action_time": "2026-05-06T10:09:49.994Z", "user": 1, "content_type": 10, "object_id": "1", "object_repr": "[Информация о тендерах] Тендер 1", "action_flag": 1, "change_message": "[{\"added\": {}}]"}}, {"model": "admin.logentry", "pk": 23, "fields": {"action_time": "2026-05-06T10:10:09.990Z", "user": 1, "content_type": 10, "object_id": "1", "object_repr": "[Информация о тендерах] Тендер 1", "action_flag": 2, "change_message": "[]"}}, {"model": "admin.logentry", "pk": 24, "fields": {"action_time": "2026-05-06T10:10:39.348Z", "user": 1, "content_type": 10, "object_id": "2", "object_repr": "[Результаты тендеров] Результат тендера", "action_flag": 1, "change_message": "[{\"added\": {}}]"}}, {"model": "admin.logentry", "pk": 25, "fields": {"action_time": "2026-05-06T10:10:56.772Z", "user": 1, "content_type": 10, "object_id": "3", "object_repr": "[Правила тендеров] Правило тендера", "action_flag": 1, "change_message": "[{\"added\": {}}]"}}, {"model": "admin.logentry", "pk": 26, "fields": {"action_time": "2026-05-06T10:25:49.085Z", "user": 1, "content_type": 10, "object_id": "4", "object_repr": "[Информация о тендерах] тендер 2", "action_flag": 1, "change_message": "[{\"added\": {}}]"}}, {"model": "admin.logentry", "pk": 27, "fields": {"action_time": "2026-05-06T10:26:05.403Z", "user": 1, "content_type": 10, "object_id": "5", "object_repr": "[Информация о тендерах] тендер 3", "action_flag": 1, "change_message": "[{\"added\": {}}]"}}, {"model": "admin.logentry", "pk": 28, "fields": {"action_time": "2026-05-06T10:26:55.282Z", "user": 1, "content_type": 10, "object_id": "6", "object_repr": "[Информация о тендерах] тендер 4", "action_flag": 1, "change_message": "[{\"added\": {}}]"}}, {"model": "admin.logentry", "pk": 29, "fields": {"action_time": "2026-05-06T10:27:04.595Z", "user": 1, "content_type": 10, "object_id": "7", "object_repr": "[Информация о тендерах] тендер 5", "action_flag": 1, "change_message": "[{\"added\": {}}]"}}, {"model": "admin.logentry", "pk": 30, "fields": {"action_time": "2026-05-06T10:27:13.143Z", "user": 1, "content_type": 10, "object_id": "8", "object_repr": "[Информация о тендерах] тендер 6", "action_flag": 1, "change_message": "[{\"added\": {}}]"}}, {"model": "admin.logentry", "pk": 31, "fields": {"action_time": "2026-05-06T10:27:20.939Z", "user": 1, "content_type": 10, "object_id": "9", "object_repr": "[Информация о тендерах] тендер 7", "action_flag": 1, "change_message": "[{\"added\": {}}]"}}, {"model": "admin.logentry", "pk": 32, "fields": {"action_time": "2026-05-06T10:27:42.411Z", "user": 1, "content_type": 10, "object_id": "10", "object_repr": "[Информация о тендерах] тендер 8", "action_flag": 1, "change_message": "[{\"added\": {}}]"}}, {"model": "admin.logentry", "pk": 33, "fields": {"action_time": "2026-05-06T10:27:53.116Z", "user": 1, "content_type": 10, "object_id": "11", "object_repr": "[Информация о тендерах] тендер 9", "action_flag": 1, "change_message": "[{\"added\": {}}]"}}, {"model": "admin.logentry", "pk": 34, "fields": {"action_time": "2026-05-06T10:28:10.551Z", "user": 1, "content_type": 10, "object_id": "12", "object_repr": "[Информация о тендерах] тендер 10", "action_flag": 1, "change_message": "[{\"added\": {}}]"}}, {"model": "admin.logentry", "pk": 35, "fields": {"action_time": "2026-05-06T10:28:23.147Z", "user": 1, "content_type": 10, "object_id": "13", "object_repr": "[Информация о тендерах] тендер 11", "action_flag": 1, "change_message": "[{\"added\": {}}]"}}, {"model": "admin.logentry", "pk": 36, "fields": {"action_time": "2026-05-09T17:34:30.041Z", "user": 1, "content_type": 9, "object_id": "3", "object_repr": "Михаил Михалыч", "action_flag": 2, "change_message": "[{\"changed\": {\"fields\": [\"\\u041f\\u043e\\u0440\\u044f\\u0434\\u043e\\u043a\"]}}]"}}, {"model": "admin.logentry", "pk": 37, "fields": {"action_time": "2026-05-09T17:34:30.042Z", "user": 1, "content_type": 9, "object_id": "2", "object_repr": "Петр Петрович", "action_flag": 2, "change_message": "[{\"changed\": {\"fields\": [\"\\u041f\\u043e\\u0440\\u044f\\u0434\\u043e\\u043a\"]}}]"}}, {"model": "admin.logentry", "pk": 38, "fields": {"action_time": "2026-05-09T17:34:30.043Z", "user": 1, "content_type": 9, "object_id": "1", "object_repr": "Иван Иванович", "action_flag": 2, "change_message": "[{\"changed\": {\"fields\": [\"\\u041f\\u043e\\u0440\\u044f\\u0434\\u043e\\u043a\"]}}]"}}, {"model": "admin.logentry", "pk": 39, "fields": {"action_time": "2026-05-09T17:37:00.029Z", "user": 1, "content_type": 11, "object_id": "1", "object_repr": "Отдел кадров", "action_flag": 1, "change_message": "[{\"added\": {}}]"}}, {"model": "admin.logentry", "pk": 40, "fields": {"action_time": "2026-05-09T17:37:22.377Z", "user": 1, "content_type": 11, "object_id": "2", "object_repr": "Отдел муниципальной службы", "action_flag": 1, "change_message": "[{\"added\": {}}]"}}, {"model": "admin.logentry", "pk": 41, "fields": {"action_time": "2026-05-09T17:37:42.903Z", "user": 1, "content_type": 11, "object_id": "3", "object_repr": "Отдел развития и мотивации персонала", "action_flag": 1, "change_message": "[{\"added\": {}}]"}}, {"model": "admin.logentry", "pk": 42, "fields": {"action_time": "2026-05-09T19:09:28.963Z", "user": 1, "content_type": 9, "object_id": "5", "object_repr": "Бурдаева Мария Юрьевна", "action_flag": 1, "change_message": "[{\"added\": {}}]"}}, {"model": "admin.logentry", "pk": 43, "fields": {"action_time": "2026-05-09T19:09:54.550Z", "user": 1, "content_type": 9, "object_id": "1", "object_repr": "Иван Иванович", "action_flag": 3, "change_message": ""}}, {"model": "admin.logentry", "pk": 44, "fields": {"action_time": "2026-05-09T19:10:10.941Z", "user": 1, "content_type": 9, "object_id": "5", "object_repr": "Бурдаева Мария Юрьевна", "action_flag": 2, "change_message": "[{\"changed\": {\"fields\": [\"\\u041e\\u043f\\u0438\\u0441\\u0430\\u043d\\u0438\\u0435\"]}}]"}}, {"model": "admin.logentry", "pk": 45, "fields": {"action_time": "2026-05-09T19:10:23.093Z", "user": 1, "content_type": 9, "object_id": "4", "object_repr": "Владимир Владимирович", "action_flag": 3, "change_message": ""}}, {"model": "admin.logentry", "pk": 46, "fields": {"action_time": "2026-05-09T19:11:10.219Z", "user": 1, "content_type": 9, "object_id": "6", "object_repr": "Шутяк Екатерина Александровна", "action_flag": 1, "change_message": "[{\"added\": {}}]"}}, {"model": "admin.logentry", "pk": 47, "fields": {"action_time": "2026-05-09T19:11:56.181Z", "user": 1, "content_type": 9, "object_id": "3", "object_repr": "Михаил Михалыч", "action_flag": 3, "change_message": ""}}, {"model": "admin.logentry", "pk": 48, "fields": {"action_time": "2026-05-09T19:12:45.122Z", "user": 1, "content_type": 9, "object_id": "7", "object_repr": "Трофимова Мария Генриховна", "action_flag": 1, "change_message": "[{\"added\": {}}]"}}, {"model": "admin.logentry", "pk": 49, "fields": {"action_time": "2026-05-09T19:13:02.470Z", "user": 1, "content_type": 9, "object_id": "2", "object_repr": "Петр Петрович", "action_flag": 3, "change_message": ""}}, {"model": "admin.logentry", "pk": 50, "fields": {"action_time": "2026-05-09T19:14:01.974Z", "user": 1, "content_type": 9, "object_id": "6", "object_repr": "Шутяк Екатерина Александровна", "action_flag": 2, "change_message": "[{\"changed\": {\"fields\": [\"\\u041f\\u043e\\u0440\\u044f\\u0434\\u043e\\u043a\"]}}]"}}, {"model": "admin.logentry", "pk": 51, "fields": {"action_time": "2026-05-09T19:14:01.974Z", "user": 1, "content_type": 9, "object_id": "5", "object_repr": "Бурдаева Мария Юрьевна", "action_flag": 2, "change_message": "[{\"changed\": {\"fields\": [\"\\u041f\\u043e\\u0440\\u044f\\u0434\\u043e\\u043a\"]}}]"}}, {"model": "admin.logentry", "pk": 52, "fields": {"action_time": "2026-05-09T19:15:34.012Z", "user": 1, "content_type": 9, "object_id": "8", "object_repr": "Варакина Юлия Николаевна", "action_flag": 1, "change_message": "[{\"added\": {}}]"}}, {"model": "admin.logentry", "pk": 53, "fields": {"action_time": "2026-05-09T19:17:02.772Z", "user": 1, "content_type": 9, "object_id": "9", "object_repr": "Харченко Мария Викторовна", "action_flag": 1, "change_message": "[{\"added\": {}}]"}}, {"model": "admin.logentry", "pk": 54, "fields": {"action_time": "2026-05-09T19:24:37.333Z", "user": 1, "content_type": 9, "object_id": "10", "object_repr": "", "action_flag": 1, "change_message": "[{\"added\": {}}]"}}, {"model": "admin.logentry", "pk": 55, "fields": {"action_time": "2026-05-09T19:25:26.034Z", "user": 1, "content_type": 9, "object_id": "11", "object_repr": "Лазарев Андрей Геннадьевич", "action_flag": 1, "change_message": "[{\"added\": {}}]"}}, {"model": "admin.logentry", "pk": 56, "fields": {"action_time": "2026-05-09T19:26:29.715Z", "user": 1, "content_type": 9, "object_id": "12", "object_repr": "Дубовцева Любовь Васильевна", "action_flag": 1, "change_message": "[{\"added\": {}}]"}}, {"model": "admin.logentry", "pk": 57, "fields": {"action_time": "2026-05-09T19:27:45.795Z", "user": 1, "content_type": 9, "object_id": "13", "object_repr": "Акатьева Юлия Павловна", "action_flag": 1, "change_message": "[{\"added\": {}}]"}}, {"model": "admin.logentry", "pk": 58, "fields": {"action_time": "2026-05-09T19:28:25.265Z", "user": 1, "content_type": 9, "object_id": "14", "object_repr": "Кондратьева Александра Владимировна", "action_flag": 1, "change_message": "[{\"added\": {}}]"}}, {"model": "admin.logentry", "pk": 59, "fields": {"action_time": "2026-05-09T19:29:04.936Z", "user": 1, "content_type": 9, "object_id": "15", "object_repr": "Баймухаметова Дарья Валерьевна", "action_flag": 1, "change_message": "[{\"added\": {}}]"}}, {"model": "admin.logentry", "pk": 60, "fields": {"action_time": "2026-05-09T19:31:14.997Z", "user": 1, "content_type": 9, "object_id": "15", "object_repr": "Баймухаметова Дарья Валерьевна", "action_flag": 2, "change_message": "[{\"changed\": {\"fields\": [\"\\u041e\\u0442\\u0434\\u0435\\u043b\\u0435\\u043d\\u0438\\u0435\"]}}]"}}, {"model": "admin.logentry", "pk": 61, "fields": {"action_time": "2026-05-14T09:33:51.801Z", "user": 1, "content_type": 12, "object_id": "1", "object_repr": "1/2", "action_flag": 1, "change_message": "[{\"added\": {}}]"}}, {"model": "admin.logentry", "pk": 62, "fields": {"action_time": "2026-05-14T09:33:56.609Z", "user": 1, "content_type": 12, "object_id": "2", "object_repr": "2/2", "action_flag": 1, "change_message": "[{\"added\": {}}]"}}, {"model": "admin.logentry", "pk": 63, "fields": {"action_time": "2026-05-14T09:34:03.522Z", "user": 1, "content_type": 12, "object_id": "3", "object_repr": "3/2", "action_flag": 1, "change_message": "[{\"added\": {}}]"}}, {"model": "admin.logentry", "pk": 64, "fields": {"action_time": "2026-05-14T09:34:09.959Z", "user": 1, "content_type": 12, "object_id": "4", "object_repr": "4/2", "action_flag": 1, "change_message": "[{\"added\": {}}]"}}, {"model": "admin.logentry", "pk": 65, "fields": {"action_time": "2026-05-14T09:34:15.720Z", "user": 1, "content_type": 12, "object_id": "5", "object_repr": "5/2", "action_flag": 1, "change_message": "[{\"added\": {}}]"}}, {"model": "admin.logentry", "pk": 66, "fields": {"action_time": "2026-05-14T09:34:24.793Z", "user": 1, "content_type": 12, "object_id": "6", "object_repr": "Гибкий", "action_flag": 1, "change_message": "[{\"added\": {}}]"}}, {"model": "admin.logentry", "pk": 67, "fields": {"action_time": "2026-05-14T09:34:44.936Z", "user": 1, "content_type": 12, "object_id": "7", "object_repr": "6/1", "action_flag": 1, "change_message": "[{\"added\": {}}]"}}, {"model": "admin.logentry", "pk": 68, "fields": {"action_time": "2026-05-14T09:35:09.464Z", "user": 1, "content_type": 12, "object_id": "7", "object_repr": "6/1", "action_flag": 3, "change_message": ""}}, {"model": "admin.logentry", "pk": 69, "fields": {"action_time": "2026-05-14T09:35:09.464Z", "user": 1, "content_type": 12, "object_id": "6", "object_repr": "Гибкий", "action_flag": 3, "change_message": ""}}, {"model": "admin.logentry", "pk": 70, "fields": {"action_time": "2026-05-14T09:35:09.464Z", "user": 1, "content_type": 12, "object_id": "5", "object_repr": "5/2", "action_flag": 3, "change_message": ""}}, {"model": "admin.logentry", "pk": 71, "fields": {"action_time": "2026-05-14T09:35:09.464Z", "user": 1, "content_type": 12, "object_id": "4", "object_repr": "4/2", "action_flag": 3, "change_message": ""}}, {"model": "admin.logentry", "pk": 72, "fields": {"action_time": "2026-05-14T09:35:09.464Z", "user": 1, "content_type": 12, "object_id": "3", "object_repr": "3/2", "action_flag": 3, "change_message": ""}}, {"model": "admin.logentry", "pk": 73, "fields": {"action_time": "2026-05-14T09:35:09.464Z", "user": 1, "content_type": 12, "object_id": "2", "object_repr": "2/2", "action_flag": 3, "change_message": ""}}, {"model": "admin.logentry", "pk": 74, "fields": {"action_time": "2026-05-14T09:35:09.464Z", "user": 1, "content_type": 12, "object_id": "1", "object_repr": "1/2", "action_flag": 3, "change_message": ""}}, {"model": "admin.logentry", "pk": 75, "fields": {"action_time": "2026-05-14T09:35:24.208Z", "user": 1, "content_type": 12, "object_id": "8", "object_repr": "Без опыта", "action_flag": 1, "change_message": "[{\"added\": {}}]"}}, {"model": "admin.logentry", "pk": 76, "fields": {"action_time": "2026-05-14T09:35:33.680Z", "user": 1, "content_type": 12, "object_id": "9", "object_repr": "1-3 года", "action_flag": 1, "change_message": "[{\"added\": {}}]"}}, {"model": "admin.logentry", "pk": 77, "fields": {"action_time": "2026-05-14T09:35:46.816Z", "user": 1, "content_type": 12, "object_id": "10", "object_repr": "от 3 до 6 лет", "action_flag": 1, "change_message": "[{\"added\": {}}]"}}, {"model": "admin.logentry", "pk": 78, "fields": {"action_time": "2026-05-14T09:36:02.641Z", "user": 1, "content_type": 13, "object_id": "1", "object_repr": "5/2", "action_flag": 1, "change_message": "[{\"added\": {}}]"}}, {"model": "admin.logentry", "pk": 79, "fields": {"action_time": "2026-05-14T09:36:06.401Z", "user": 1, "content_type": 13, "object_id": "2", "object_repr": "2/2", "action_flag": 1, "change_message": "[{\"added\": {}}]"}}, {"model": "admin.logentry", "pk": 80, "fields": {"action_time": "2026-05-14T09:36:11.120Z", "user": 1, "content_type": 13, "object_id": "3", "object_repr": "6/1", "action_flag": 1, "change_message": "[{\"added\": {}}]"}}, {"model": "admin.logentry", "pk": 81, "fields": {"action_time": "2026-05-14T09:36:13.896Z", "user": 1, "content_type": 13, "object_id": "4", "object_repr": "4/3", "action_flag": 1, "change_message": "[{\"added\": {}}]"}}, {"model": "admin.logentry", "pk": 82, "fields": {"action_time": "2026-05-14T09:36:16.937Z", "user": 1, "content_type": 13, "object_id": "5", "object_repr": "4/2", "action_flag": 1, "change_message": "[{\"added\": {}}]"}}, {"model": "admin.logentry", "pk": 83, "fields": {"action_time": "2026-05-14T09:36:19.487Z", "user": 1, "content_type": 13, "object_id": "6", "object_repr": "3/3", "action_flag": 1, "change_message": "[{\"added\": {}}]"}}, {"model": "admin.logentry", "pk": 84, "fields": {"action_time": "2026-05-14T09:36:22.584Z", "user": 1, "content_type": 13, "object_id": "7", "object_repr": "2/1", "action_flag": 1, "change_message": "[{\"added\": {}}]"}}, {"model": "admin.logentry", "pk": 85, "fields": {"action_time": "2026-05-14T09:36:25.608Z", "user": 1, "content_type": 13, "object_id": "8", "object_repr": "4/4", "action_flag": 1, "change_message": "[{\"added\": {}}]"}}, {"model": "admin.logentry", "pk": 86, "fields": {"action_time": "2026-05-14T09:36:37.521Z", "user": 1, "content_type": 13, "object_id": "9", "object_repr": "На выходных", "action_flag": 1, "change_message": "[{\"added\": {}}]"}}, {"model": "admin.logentry", "pk": 87, "fields": {"action_time": "2026-05-14T09:36:51.153Z", "user": 1, "content_type": 14, "object_id": "1", "object_repr": "Муниципальная", "action_flag": 1, "change_message": "[{\"added\": {}}]"}}, {"model": "admin.logentry", "pk": 88, "fields": {"action_time": "2026-05-14T09:36:59.645Z", "user": 1, "content_type": 14, "object_id": "2", "object_repr": "Техническая", "action_flag": 1, "change_message": "[{\"added\": {}}]"}}, {"model": "admin.logentry", "pk": 89, "fields": {"action_time": "2026-05-14T09:38:10.770Z", "user": 1, "content_type": 8, "object_id": "7", "object_repr": "Менеджер по продажам", "action_flag": 2, "change_message": "[{\"changed\": {\"fields\": [\"\\u0413\\u0440\\u0430\\u0444\\u0438\\u043a \\u0440\\u0430\\u0431\\u043e\\u0442\\u044b\", \"\\u0422\\u0440\\u0435\\u0431\\u0443\\u0435\\u043c\\u044b\\u0439 \\u043e\\u043f\\u044b\\u0442\", \"\\u0422\\u0438\\u043f \\u0434\\u043e\\u043b\\u0436\\u043d\\u043e\\u0441\\u0442\\u0438\"]}}]"}}, {"model": "admin.logentry", "pk": 90, "fields": {"action_time": "2026-05-14T09:38:29.966Z", "user": 1, "content_type": 8, "object_id": "6", "object_repr": "Руководитель отдела маркетинга", "action_flag": 2, "change_message": "[{\"changed\": {\"fields\": [\"\\u0413\\u0440\\u0430\\u0444\\u0438\\u043a \\u0440\\u0430\\u0431\\u043e\\u0442\\u044b\", \"\\u0422\\u0440\\u0435\\u0431\\u0443\\u0435\\u043c\\u044b\\u0439 \\u043e\\u043f\\u044b\\u0442\", \"\\u0422\\u0438\\u043f \\u0434\\u043e\\u043b\\u0436\\u043d\\u043e\\u0441\\u0442\\u0438\"]}}]"}}, {"model": "admin.logentry", "pk": 91, "fields": {"action_time": "2026-05-14T09:38:51.877Z", "user": 1, "content_type": 8, "object_id": "5", "object_repr": "Senior Python Developer (Backend)", "action_flag": 2, "change_message": "[{\"changed\": {\"fields\": [\"\\u0413\\u0440\\u0430\\u0444\\u0438\\u043a \\u0440\\u0430\\u0431\\u043e\\u0442\\u044b\", \"\\u0422\\u0440\\u0435\\u0431\\u0443\\u0435\\u043c\\u044b\\u0439 \\u043e\\u043f\\u044b\\u0442\", \"\\u0422\\u0438\\u043f \\u0434\\u043e\\u043b\\u0436\\u043d\\u043e\\u0441\\u0442\\u0438\"]}}]"}}, {"model": "admin.logentry", "pk": 92, "fields": {"action_time": "2026-05-14T09:39:09.611Z", "user": 1, "content_type": 8, "object_id": "1", "object_repr": "Санитар", "action_flag": 2, "change_message": "[{\"changed\": {\"fields\": [\"\\u0413\\u0440\\u0430\\u0444\\u0438\\u043a \\u0440\\u0430\\u0431\\u043e\\u0442\\u044b\", \"\\u0422\\u0440\\u0435\\u0431\\u0443\\u0435\\u043c\\u044b\\u0439 \\u043e\\u043f\\u044b\\u0442\", \"\\u0422\\u0438\\u043f \\u0434\\u043e\\u043b\\u0436\\u043d\\u043e\\u0441\\u0442\\u0438\"]}}]"}}, {"model": "admin.logentry", "pk": 93, "fields": {"action_time": "2026-05-14T10:37:49.307Z", "user": 1, "content_type": 9, "object_id": "8", "object_repr": "Варакина Юлия Николаевна", "action_flag": 2, "change_message": "[{\"changed\": {\"fields\": [\"\\u041f\\u043e\\u043a\\u0430\\u0437\\u044b\\u0432\\u0430\\u0442\\u044c \\u043d\\u0430 \\u0434\\u043e\\u0441\\u043a\\u0435 \\u043f\\u043e\\u0447\\u0451\\u0442\\u0430\"]}}]"}}, {"model": "admin.logentry", "pk": 94, "fields": {"action_time": "2026-05-14T10:37:49.308Z", "user": 1, "content_type": 9, "object_id": "9", "object_repr": "Харченко Мария Викторовна", "action_flag": 2, "change_message": "[{\"changed\": {\"fields\": [\"\\u041f\\u043e\\u043a\\u0430\\u0437\\u044b\\u0432\\u0430\\u0442\\u044c \\u043d\\u0430 \\u0434\\u043e\\u0441\\u043a\\u0435 \\u043f\\u043e\\u0447\\u0451\\u0442\\u0430\"]}}]"}}, {"model": "admin.logentry", "pk": 95, "fields": {"action_time": "2026-05-14T10:37:49.308Z", "user": 1, "content_type": 9, "object_id": "10", "object_repr": "", "action_flag": 2, "change_message": "[{\"changed\": {\"fields\": [\"\\u041f\\u043e\\u043a\\u0430\\u0437\\u044b\\u0432\\u0430\\u0442\\u044c \\u043d\\u0430 \\u0434\\u043e\\u0441\\u043a\\u0435 \\u043f\\u043e\\u0447\\u0451\\u0442\\u0430\"]}}]"}}, {"model": "admin.logentry", "pk": 96, "fields": {"action_time": "2026-05-14T10:37:49.309Z", "user": 1, "content_type": 9, "object_id": "11", "object_repr": "Лазарев Андрей Геннадьевич", "action_flag": 2, "change_message": "[{\"changed\": {\"fields\": [\"\\u041f\\u043e\\u043a\\u0430\\u0437\\u044b\\u0432\\u0430\\u0442\\u044c \\u043d\\u0430 \\u0434\\u043e\\u0441\\u043a\\u0435 \\u043f\\u043e\\u0447\\u0451\\u0442\\u0430\"]}}]"}}, {"model": "admin.logentry", "pk": 97, "fields": {"action_time": "2026-05-14T10:37:49.310Z", "user": 1, "content_type": 9, "object_id": "12", "object_repr": "Дубовцева Любовь Васильевна", "action_flag": 2, "change_message": "[{\"changed\": {\"fields\": [\"\\u041f\\u043e\\u043a\\u0430\\u0437\\u044b\\u0432\\u0430\\u0442\\u044c \\u043d\\u0430 \\u0434\\u043e\\u0441\\u043a\\u0435 \\u043f\\u043e\\u0447\\u0451\\u0442\\u0430\"]}}]"}}, {"model": "admin.logentry", "pk": 98, "fields": {"action_time": "2026-05-14T10:37:49.310Z", "user": 1, "content_type": 9, "object_id": "13", "object_repr": "Акатьева Юлия Павловна", "action_flag": 2, "change_message": "[{\"changed\": {\"fields\": [\"\\u041f\\u043e\\u043a\\u0430\\u0437\\u044b\\u0432\\u0430\\u0442\\u044c \\u043d\\u0430 \\u0434\\u043e\\u0441\\u043a\\u0435 \\u043f\\u043e\\u0447\\u0451\\u0442\\u0430\"]}}]"}}, {"model": "admin.logentry", "pk": 99, "fields": {"action_time": "2026-05-14T10:37:49.311Z", "user": 1, "content_type": 9, "object_id": "14", "object_repr": "Кондратьева Александра Владимировна", "action_flag": 2, "change_message": "[{\"changed\": {\"fields\": [\"\\u041f\\u043e\\u043a\\u0430\\u0437\\u044b\\u0432\\u0430\\u0442\\u044c \\u043d\\u0430 \\u0434\\u043e\\u0441\\u043a\\u0435 \\u043f\\u043e\\u0447\\u0451\\u0442\\u0430\"]}}]"}}, {"model": "admin.logentry", "pk": 100, "fields": {"action_time": "2026-05-14T10:37:49.312Z", "user": 1, "content_type": 9, "object_id": "15", "object_repr": "Баймухаметова Дарья Валерьевна", "action_flag": 2, "change_message": "[{\"changed\": {\"fields\": [\"\\u041f\\u043e\\u043a\\u0430\\u0437\\u044b\\u0432\\u0430\\u0442\\u044c \\u043d\\u0430 \\u0434\\u043e\\u0441\\u043a\\u0435 \\u043f\\u043e\\u0447\\u0451\\u0442\\u0430\"]}}]"}}, {"model": "admin.logentry", "pk": 101, "fields": {"action_time": "2026-05-14T10:38:22.583Z", "user": 1, "content_type": 9, "object_id": "8", "object_repr": "Варакина Юлия Николаевна", "action_flag": 2, "change_message": "[{\"changed\": {\"fields\": [\"\\u041f\\u043e\\u043a\\u0430\\u0437\\u044b\\u0432\\u0430\\u0442\\u044c \\u043d\\u0430 \\u0434\\u043e\\u0441\\u043a\\u0435 \\u043f\\u043e\\u0447\\u0451\\u0442\\u0430\"]}}]"}}, {"model": "admin.logentry", "pk": 102, "fields": {"action_time": "2026-05-16T13:30:12.190Z", "user": 1, "content_type": 15, "object_id": "1", "object_repr": "9:00 - 17:00", "action_flag": 1, "change_message": "[{\"added\": {}}]"}}, {"model": "admin.logentry", "pk": 103, "fields": {"action_time": "2026-05-16T13:30:27.217Z", "user": 1, "content_type": 15, "object_id": "2", "object_repr": "8:30 - 18:00", "action_flag": 1, "change_message": "[{\"added\": {}}]"}}, {"model": "admin.logentry", "pk": 104, "fields": {"action_time": "2026-05-16T13:30:41.025Z", "user": 1, "content_type": 15, "object_id": "3", "object_repr": "9:00 - 18:15", "action_flag": 1, "change_message": "[{\"added\": {}}]"}}, {"model": "admin.logentry", "pk": 105, "fields": {"action_time": "2026-05-16T13:31:00.482Z", "user": 1, "content_type": 15, "object_id": "4", "object_repr": "8:00 - 17:00", "action_flag": 1, "change_message": "[{\"added\": {}}]"}}, {"model": "admin.logentry", "pk": 106, "fields": {"action_time": "2026-05-16T14:04:39.636Z", "user": 1, "content_type": 8, "object_id": "6", "object_repr": "Руководитель отдела маркетинга", "action_flag": 2, "change_message": "[{\"changed\": {\"fields\": [\"\\u0420\\u0435\\u0436\\u0438\\u043c \\u0440\\u0430\\u0431\\u043e\\u0442\\u044b\", \"\\u041e\\u043f\\u0438\\u0441\\u0430\\u043d\\u0438\\u0435\"]}}]"}}, {"model": "auth.permission", "pk": 1, "fields": {"name": "Can add log entry", "content_type": 1, "codename": "add_logentry"}}, {"model": "auth.permission", "pk": 2, "fields": {"name": "Can change log entry", "content_type": 1, "codename": "change_logentry"}}, {"model": "auth.permission", "pk": 3, "fields": {"name": "Can delete log entry", "content_type": 1, "codename": "delete_logentry"}}, {"model": "auth.permission", "pk": 4, "fields": {"name": "Can view log entry", "content_type": 1, "codename": "view_logentry"}}, {"model": "auth.permission", "pk": 5, "fields": {"name": "Can add permission", "content_type": 2, "codename": "add_permission"}}, {"model": "auth.permission", "pk": 6, "fields": {"name": "Can change permission", "content_type": 2, "codename": "change_permission"}}, {"model": "auth.permission", "pk": 7, "fields": {"name": "Can delete permission", "content_type": 2, "codename": "delete_permission"}}, {"model": "auth.permission", "pk": 8, "fields": {"name": "Can view permission", "content_type": 2, "codename": "view_permission"}}, {"model": "auth.permission", "pk": 9, "fields": {"name": "Can add group", "content_type": 3, "codename": "add_group"}}, {"model": "auth.permission", "pk": 10, "fields": {"name": "Can change group", "content_type": 3, "codename": "change_group"}}, {"model": "auth.permission", "pk": 11, "fields": {"name": "Can delete group", "content_type": 3, "codename": "delete_group"}}, {"model": "auth.permission", "pk": 12, "fields": {"name": "Can view group", "content_type": 3, "codename": "view_group"}}, {"model": "auth.permission", "pk": 13, "fields": {"name": "Can add user", "content_type": 4, "codename": "add_user"}}, {"model": "auth.permission", "pk": 14, "fields": {"name": "Can change user", "content_type": 4, "codename": "change_user"}}, {"model": "auth.permission", "pk": 15, "fields": {"name": "Can delete user", "content_type": 4, "codename": "delete_user"}}, {"model": "auth.permission", "pk": 16, "fields": {"name": "Can view user", "content_type": 4, "codename": "view_user"}}, {"model": "auth.permission", "pk": 17, "fields": {"name": "Can add content type", "content_type": 5, "codename": "add_contenttype"}}, {"model": "auth.permission", "pk": 18, "fields": {"name": "Can change content type", "content_type": 5, "codename": "change_contenttype"}}, {"model": "auth.permission", "pk": 19, "fields": {"name": "Can delete content type", "content_type": 5, "codename": "delete_contenttype"}}, {"model": "auth.permission", "pk": 20, "fields": {"name": "Can view content type", "content_type": 5, "codename": "view_contenttype"}}, {"model": "auth.permission", "pk": 21, "fields": {"name": "Can add session", "content_type": 6, "codename": "add_session"}}, {"model": "auth.permission", "pk": 22, "fields": {"name": "Can change session", "content_type": 6, "codename": "change_session"}}, {"model": "auth.permission", "pk": 23, "fields": {"name": "Can delete session", "content_type": 6, "codename": "delete_session"}}, {"model": "auth.permission", "pk": 24, "fields": {"name": "Can view session", "content_type": 6, "codename": "view_session"}}, {"model": "auth.permission", "pk": 25, "fields": {"name": "Can add Заявка на вакансию", "content_type": 7, "codename": "add_jobapplication"}}, {"model": "auth.permission", "pk": 26, "fields": {"name": "Can change Заявка на вакансию", "content_type": 7, "codename": "change_jobapplication"}}, {"model": "auth.permission", "pk": 27, "fields": {"name": "Can delete Заявка на вакансию", "content_type": 7, "codename": "delete_jobapplication"}}, {"model": "auth.permission", "pk": 28, "fields": {"name": "Can view Заявка на вакансию", "content_type": 7, "codename": "view_jobapplication"}}, {"model": "auth.permission", "pk": 29, "fields": {"name": "Can add Вакансия", "content_type": 8, "codename": "add_vacancy"}}, {"model": "auth.permission", "pk": 30, "fields": {"name": "Can change Вакансия", "content_type": 8, "codename": "change_vacancy"}}, {"model": "auth.permission", "pk": 31, "fields": {"name": "Can delete Вакансия", "content_type": 8, "codename": "delete_vacancy"}}, {"model": "auth.permission", "pk": 32, "fields": {"name": "Can view Вакансия", "content_type": 8, "codename": "view_vacancy"}}, {"model": "auth.permission", "pk": 33, "fields": {"name": "Can add Сотрудник", "content_type": 9, "codename": "add_staffmember"}}, {"model": "auth.permission", "pk": 34, "fields": {"name": "Can change Сотрудник", "content_type": 9, "codename": "change_staffmember"}}, {"model": "auth.permission", "pk": 35, "fields": {"name": "Can delete Сотрудник", "content_type": 9, "codename": "delete_staffmember"}}, {"model": "auth.permission", "pk": 36, "fields": {"name": "Can view Сотрудник", "content_type": 9, "codename": "view_staffmember"}}, {"model": "auth.permission", "pk": 37, "fields": {"name": "Can add Тендер", "content_type": 10, "codename": "add_tender"}}, {"model": "auth.permission", "pk": 38, "fields": {"name": "Can change Тендер", "content_type": 10, "codename": "change_tender"}}, {"model": "auth.permission", "pk": 39, "fields": {"name": "Can delete Тендер", "content_type": 10, "codename": "delete_tender"}}, {"model": "auth.permission", "pk": 40, "fields": {"name": "Can view Тендер", "content_type": 10, "codename": "view_tender"}}, {"model": "auth.permission", "pk": 41, "fields": {"name": "Can add Отделение", "content_type": 11, "codename": "add_branch"}}, {"model": "auth.permission", "pk": 42, "fields": {"name": "Can change Отделение", "content_type": 11, "codename": "change_branch"}}, {"model": "auth.permission", "pk": 43, "fields": {"name": "Can delete Отделение", "content_type": 11, "codename": "delete_branch"}}, {"model": "auth.permission", "pk": 44, "fields": {"name": "Can view Отделение", "content_type": 11, "codename": "view_branch"}}, {"model": "auth.permission", "pk": 45, "fields": {"name": "Can add Требуемый опыт", "content_type": 12, "codename": "add_requiredexperience"}}, {"model": "auth.permission", "pk": 46, "fields": {"name": "Can change Требуемый опыт", "content_type": 12, "codename": "change_requiredexperience"}}, {"model": "auth.permission", "pk": 47, "fields": {"name": "Can delete Требуемый опыт", "content_type": 12, "codename": "delete_requiredexperience"}}, {"model": "auth.permission", "pk": 48, "fields": {"name": "Can view Требуемый опыт", "content_type": 12, "codename": "view_requiredexperience"}}, {"model": "auth.permission", "pk": 49, "fields": {"name": "Can add График работы", "content_type": 13, "codename": "add_workschedule"}}, {"model": "auth.permission", "pk": 50, "fields": {"name": "Can change График работы", "content_type": 13, "codename": "change_workschedule"}}, {"model": "auth.permission", "pk": 51, "fields": {"name": "Can delete График работы", "content_type": 13, "codename": "delete_workschedule"}}, {"model": "auth.permission", "pk": 52, "fields": {"name": "Can view График работы", "content_type": 13, "codename": "view_workschedule"}}, {"model": "auth.permission", "pk": 53, "fields": {"name": "Can add Тип должности", "content_type": 14, "codename": "add_jobtype"}}, {"model": "auth.permission", "pk": 54, "fields": {"name": "Can change Тип должности", "content_type": 14, "codename": "change_jobtype"}}, {"model": "auth.permission", "pk": 55, "fields": {"name": "Can delete Тип должности", "content_type": 14, "codename": "delete_jobtype"}}, {"model": "auth.permission", "pk": 56, "fields": {"name": "Can view Тип должности", "content_type": 14, "codename": "view_jobtype"}}, {"model": "auth.permission", "pk": 57, "fields": {"name": "Can add Режим работы", "content_type": 15, "codename": "add_workinghours"}}, {"model": "auth.permission", "pk": 58, "fields": {"name": "Can change Режим работы", "content_type": 15, "codename": "change_workinghours"}}, {"model": "auth.permission", "pk": 59, "fields": {"name": "Can delete Режим работы", "content_type": 15, "codename": "delete_workinghours"}}, {"model": "auth.permission", "pk": 60, "fields": {"name": "Can view Режим работы", "content_type": 15, "codename": "view_workinghours"}}, {"model": "auth.permission", "pk": 61, "fields": {"name": "Can add Антикоррупционный документ", "content_type": 16, "codename": "add_anticorruptiondocument"}}, {"model": "auth.permission", "pk": 62, "fields": {"name": "Can change Антикоррупционный документ", "content_type": 16, "codename": "change_anticorruptiondocument"}}, {"model": "auth.permission", "pk": 63, "fields": {"name": "Can delete Антикоррупционный документ", "content_type": 16, "codename": "delete_anticorruptiondocument"}}, {"model": "auth.permission", "pk": 64, "fields": {"name": "Can view Антикоррупционный документ", "content_type": 16, "codename": "view_anticorruptiondocument"}}, {"model": "auth.permission", "pk": 65, "fields": {"name": "Can add Репорт о коррупции", "content_type": 17, "codename": "add_corruptionreport"}}, {"model": "auth.permission", "pk": 66, "fields": {"name": "Can change Репорт о коррупции", "content_type": 17, "codename": "change_corruptionreport"}}, {"model": "auth.permission", "pk": 67, "fields": {"name": "Can delete Репорт о коррупции", "content_type": 17, "codename": "delete_corruptionreport"}}, {"model": "auth.permission", "pk": 68, "fields": {"name": "Can view Репорт о коррупции", "content_type": 17, "codename": "view_corruptionreport"}}, {"model": "auth.user", "pk": 1, "fields": {"password": "pbkdf2_sha256$1000000$MFtdxvlSBlrRZZ7UGlnQDz$c2+W/yV7MSdx4pB2LR85+lZequY+0fbdJkI0elH30L8=", "last_login": "2026-05-21T07:33:17.910Z", "is_superuser": true, "username": "admin", "first_name": "", "last_name": "", "email": "", "is_staff": true, "is_active": true, "date_joined": "2026-05-03T20:13:47.228Z", "groups": [], "user_permissions": []}}, {"model": "contenttypes.contenttype", "pk": 1, "fields": {"app_label": "admin", "model": "logentry"}}, {"model": "contenttypes.contenttype", "pk": 2, "fields": {"app_label": "auth", "model": "permission"}}, {"model": "contenttypes.contenttype", "pk": 3, "fields": {"app_label": "auth", "model": "group"}}, {"model": "contenttypes.contenttype", "pk": 4, "fields": {"app_label": "auth", "model": "user"}}, {"model": "contenttypes.contenttype", "pk": 5, "fields": {"app_label": "contenttypes", "model": "contenttype"}}, {"model": "contenttypes.contenttype", "pk": 6, "fields": {"app_label": "sessions", "model": "session"}}, {"model": "contenttypes.contenttype", "pk": 7, "fields": {"app_label": "api", "model": "jobapplication"}}, {"model": "contenttypes.contenttype", "pk": 8, "fields": {"app_label": "api", "model": "vacancy"}}, {"model": "contenttypes.contenttype", "pk": 9, "fields": {"app_label": "api", "model": "staffmember"}}, {"model": "contenttypes.contenttype", "pk": 10, "fields": {"app_label": "api", "model": "tender"}}, {"model": "contenttypes.contenttype", "pk": 11, "fields": {"app_label": "api", "model": "branch"}}, {"model": "contenttypes.contenttype", "pk": 12, "fields": {"app_label": "api", "model": "requiredexperience"}}, {"model": "contenttypes.contenttype", "pk": 13, "fields": {"app_label": "api", "model": "workschedule"}}, {"model": "contenttypes.contenttype", "pk": 14, "fields": {"app_label": "api", "model": "jobtype"}}, {"model": "contenttypes.contenttype", "pk": 15, "fields": {"app_label": "api", "model": "workinghours"}}, {"model": "contenttypes.contenttype", "pk": 16, "fields": {"app_label": "api", "model": "anticorruptiondocument"}}, {"model": "contenttypes.contenttype", "pk": 17, "fields": {"app_label": "api", "model": "corruptionreport"}}, {"model": "sessions.session", "pk": "7nbpqkx84xwnco941wziyoe58osbxgts", "fields": {"session_data": ".eJxVjEEOwiAQAP_C2RC2LG3x6L1vaHZhK1UDSWlPxr8bkh70OjOZt5rp2NN8VNnmNaqrAnX5ZUzhKbmJ-KB8LzqUvG8r65bo01Y9lSiv29n-DRLV1LZDzzECO0NIsqCLaDphMoNjAfLL6EbbezTsnbfE2IUgSIACIBa8-nwB76k36w:1wJnmW:u0atpwXm7j6bE8JigzpkR4-E75X20kxyaUkkwb3vuIw", "expire_date": "2026-05-18T07:31:56.158Z"}}, {"model": "sessions.session", "pk": "a8f4vn3rhci795zgmrehntlskchy3bho", "fields": {"session_data": ".eJxVjEEOwiAQAP_C2RC2LG3x6L1vaHZhK1UDSWlPxr8bkh70OjOZt5rp2NN8VNnmNaqrAnX5ZUzhKbmJ-KB8LzqUvG8r65bo01Y9lSiv29n-DRLV1LZDzzECO0NIsqCLaDphMoNjAfLL6EbbezTsnbfE2IUgSIACIBa8-nwB76k36w:1wKZxO:iNNByMNdmBqS78wz50jMLf5cEeXEBCg85s9xq-MeBA0", "expire_date": "2026-05-20T10:58:22.912Z"}}, {"model": "sessions.session", "pk": "hn3kbnxxcs6hb4pwmizqsc19nf4g7aol", "fields": {"session_data": ".eJxVjEEOwiAQAP_C2RC2LG3x6L1vaHZhK1UDSWlPxr8bkh70OjOZt5rp2NN8VNnmNaqrAnX5ZUzhKbmJ-KB8LzqUvG8r65bo01Y9lSiv29n-DRLV1LZDzzECO0NIsqCLaDphMoNjAfLL6EbbezTsnbfE2IUgSIACIBa8-nwB76k36w:1wPxu9:AQ9knQZT76GxsrReP7YCwYQ2LG_JZGOrGaqG_DDdCuk", "expire_date": "2026-06-04T07:33:17.915Z"}}, {"model": "sessions.session", "pk": "sqv3mr8mvacx2vinf8strqmapi0tpw0u", "fields": {"session_data": ".eJxVjEEOwiAQAP_C2RC2LG3x6L1vaHZhK1UDSWlPxr8bkh70OjOZt5rp2NN8VNnmNaqrAnX5ZUzhKbmJ-KB8LzqUvG8r65bo01Y9lSiv29n-DRLV1LZDzzECO0NIsqCLaDphMoNjAfLL6EbbezTsnbfE2IUgSIACIBa8-nwB76k36w:1wJdCZ:lJzZ7MkPPlhDIgkTdQBo4Zsxr0unXeQCoJYRmiMHlJc", "expire_date": "2026-05-17T20:14:07.270Z"}}, {"model": "api.tender", "pk": 1, "fields": {"category": "info", "name": "Тендер 1", "link": "tenders/how_to_jupyter.txt", "created_at": "2026-05-06T10:09:49.992Z"}}, {"model": "api.tender", "pk": 2, "fields": {"category": "results", "name": "Результат тендера", "link": "tenders/Отчет_Байчук.docx", "created_at": "2026-05-06T10:10:39.343Z"}}, {"model": "api.tender", "pk": 3, "fields": {"category": "rules", "name": "Правило тендера", "link": "tenders/отчет_калмыков.txt", "created_at": "2026-05-06T10:10:56.767Z"}}, {"model": "api.tender", "pk": 4, "fields": {"category": "info", "name": "тендер 2", "link": "tenders/placeholder__копия_2.docx", "created_at": "2026-05-06T10:25:49.084Z"}}, {"model": "api.tender", "pk": 5, "fields": {"category": "info", "name": "тендер 3", "link": "tenders/placeholder__копия_3.docx", "created_at": "2026-05-06T10:26:05.398Z"}}, {"model": "api.tender", "pk": 6, "fields": {"category": "info", "name": "тендер 4", "link": "tenders/placeholder__копия_4.docx", "created_at": "2026-05-06T10:26:55.277Z"}}, {"model": "api.tender", "pk": 7, "fields": {"category": "info", "name": "тендер 5", "link": "tenders/placeholder__копия_5.docx", "created_at": "2026-05-06T10:27:04.590Z"}}, {"model": "api.tender", "pk": 8, "fields": {"category": "info", "name": "тендер 6", "link": "tenders/placeholder__копия_6.docx", "created_at": "2026-05-06T10:27:13.141Z"}}, {"model": "api.tender", "pk": 9, "fields": {"category": "info", "name": "тендер 7", "link": "tenders/placeholder__копия_7.docx", "created_at": "2026-05-06T10:27:20.934Z"}}, {"model": "api.tender", "pk": 10, "fields": {"category": "info", "name": "тендер 8", "link": "tenders/placeholder__копия_8.docx", "created_at": "2026-05-06T10:27:42.406Z"}}, {"model": "api.tender", "pk": 11, "fields": {"category": "info", "name": "тендер 9", "link": "tenders/placeholder__копия_9.docx", "created_at": "2026-05-06T10:27:53.110Z"}}, {"model": "api.tender", "pk": 12, "fields": {"category": "info", "name": "тендер 10", "link": "tenders/placeholder__копия_10.docx", "created_at": "2026-05-06T10:28:10.550Z"}}, {"model": "api.tender", "pk": 13, "fields": {"category": "info", "name": "тендер 11", "link": "tenders/placeholder__копия_11.docx", "created_at": "2026-05-06T10:28:23.142Z"}}, {"model": "api.branch", "pk": 1, "fields": {"name": "Отдел кадров", "address": "ул. Энгельса, д.10"}}, {"model": "api.branch", "pk": 2, "fields": {"name": "Отдел муниципальной службы", "address": "ул. Энгельса, д.10"}}, {"model": "api.branch", "pk": 3, "fields": {"name": "Отдел развития и мотивации персонала", "address": "ул. Бажова, д.16"}}, {"model": "api.staffmember", "pk": 5, "fields": {"name": "Мария", "surname": "Бурдаева", "patronym": "Юрьевна", "phone": "52-65-12 (1512)", "email": "", "cabinet_number": "408", "role": "Заместитель начальника управления - начальник отдела", "branch": 1, "description": "Это опытный руководитель, который видит картину целиком и требует от отдела не просто выполнения KPI, а системного подхода к каждой задаче. Он педантичен в планировании, не терпит халтуры и всегда держит руку на пульсе процесса, мгновенно замечая даже незначительные отклонения от регламента.", "image": "", "order": 3, "is_active": true, "show_on_honorboard": true, "created_at": "2026-05-09T19:09:28.962Z"}}, {"model": "api.staffmember", "pk": 6, "fields": {"name": "Екатерина", "surname": "Шутяк", "patronym": "Александровна", "phone": "526-548 (1548)", "email": "", "cabinet_number": "407", "role": "Главный специалист", "branch": 1, "description": "Это руководитель, для которого результат важнее амбиций и личных симпатий, поэтому он безжалостно отсекает всё, что мешает работе — от пустых совещаний до некомпетентных сотрудников.", "image": "", "order": 2, "is_active": true, "show_on_honorboard": true, "created_at": "2026-05-09T19:11:10.217Z"}}, {"model": "api.staffmember", "pk": 7, "fields": {"name": "Мария", "surname": "Трофимова", "patronym": "Генриховна", "phone": "526-562 (1562)", "email": "", "cabinet_number": "407", "role": "Ведущий специалист", "branch": 1, "description": "Рационалист с невозмутимым спокойствием спасателя, которая распределяет нагрузку так, чтобы отдел работал как швейцарские часы без нервотрёпки и авралов. Она ценит инициативу, но проверяет каждый шаг, предпочитая тихо поправить ошибку за спиной сотрудника, чем устраивать публичную порку.", "image": "", "order": 1, "is_active": true, "show_on_honorboard": true, "created_at": "2026-05-09T19:12:45.121Z"}}, {"model": "api.staffmember", "pk": 8, "fields": {"name": "Юлия", "surname": "Варакина", "patronym": "Николаевна", "phone": "526-548 (1631)", "email": "", "cabinet_number": "407", "role": "Главный специалист", "branch": 1, "description": "Это лидер, заряжающая команду своей бешеной энергией и умением находить нестандартные выходы из самых запутанных ситуаций за минимальное время. Она не сидит в кабинете, а постоянно находится в эпицентре событий, раздавая указания на бегу и мгновенно переключаясь между десятком разных проектов.", "image": "", "order": 4, "is_active": true, "show_on_honorboard": true, "created_at": "2026-05-09T19:15:34.010Z"}}, {"model": "api.staffmember", "pk": 9, "fields": {"name": "Мария", "surname": "Харченко", "patronym": "Викторовна", "phone": "526-562 (1690)", "email": "", "cabinet_number": "407", "role": "Ведущий специалист", "branch": 1, "description": "-", "image": "", "order": 5, "is_active": false, "show_on_honorboard": false, "created_at": "2026-05-09T19:17:02.771Z"}}, {"model": "api.staffmember", "pk": 10, "fields": {"name": "", "surname": "", "patronym": "", "phone": "529-133 (1833)", "email": "", "cabinet_number": "409", "role": "Начальник отдела", "branch": 2, "description": "", "image": "", "order": 6, "is_active": true, "show_on_honorboard": false, "created_at": "2026-05-09T19:24:37.331Z"}}, {"model": "api.staffmember", "pk": 11, "fields": {"name": "Андрей", "surname": "Лазарев", "patronym": "Геннадьевич", "phone": "526-538 (1609)", "email": "", "cabinet_number": "409", "role": "Главный специалист", "branch": 2, "description": "", "image": "", "order": 7, "is_active": true, "show_on_honorboard": false, "created_at": "2026-05-09T19:25:26.033Z"}}, {"model": "api.staffmember", "pk": 12, "fields": {"name": "Любовь", "surname": "Дубовцева", "patronym": "Васильевна", "phone": "526-538 (1538)", "email": "", "cabinet_number": "409", "role": "Главный специалист", "branch": 2, "description": "", "image": "", "order": 8, "is_active": true, "show_on_honorboard": false, "created_at": "2026-05-09T19:26:29.714Z"}}, {"model": "api.staffmember", "pk": 13, "fields": {"name": "Юлия", "surname": "Акатьева", "patronym": "Павловна", "phone": "529-177  (1273)", "email": "", "cabinet_number": "316", "role": "Начальник отдела", "branch": 3, "description": "", "image": "", "order": 9, "is_active": true, "show_on_honorboard": false, "created_at": "2026-05-09T19:27:45.793Z"}}, {"model": "api.staffmember", "pk": 14, "fields": {"name": "Александра", "surname": "Кондратьева", "patronym": "Владимировна", "phone": "526-506 (1143)", "email": "", "cabinet_number": "315", "role": "Главный специалист", "branch": 3, "description": "", "image": "", "order": 10, "is_active": true, "show_on_honorboard": false, "created_at": "2026-05-09T19:28:25.264Z"}}, {"model": "api.staffmember", "pk": 15, "fields": {"name": "Дарья", "surname": "Баймухаметова", "patronym": "Валерьевна", "phone": "526-506 (1120)", "email": "", "cabinet_number": "315", "role": "Главный специалист", "branch": 3, "description": "", "image": "", "order": 11, "is_active": true, "show_on_honorboard": false, "created_at": "2026-05-09T19:29:04.935Z"}}, {"model": "api.workschedule", "pk": 1, "fields": {"name": "5/2"}}, {"model": "api.workschedule", "pk": 2, "fields": {"name": "2/2"}}, {"model": "api.workschedule", "pk": 3, "fields": {"name": "6/1"}}, {"model": "api.workschedule", "pk": 4, "fields": {"name": "4/3"}}, {"model": "api.workschedule", "pk": 5, "fields": {"name": "4/2"}}, {"model": "api.workschedule", "pk": 6, "fields": {"name": "3/3"}}, {"model": "api.workschedule", "pk": 7, "fields": {"name": "2/1"}}, {"model": "api.workschedule", "pk": 8, "fields": {"name": "4/4"}}, {"model": "api.workschedule", "pk": 9, "fields": {"name": "На выходных"}}, {"model": "api.requiredexperience", "pk": 8, "fields": {"name": "Без опыта"}}, {"model": "api.requiredexperience", "pk": 9, "fields": {"name": "1-3 года"}}, {"model": "api.requiredexperience", "pk": 10, "fields": {"name": "от 3 до 6 лет"}}, {"model": "api.jobtype", "pk": 1, "fields": {"name": "Муниципальная"}}, {"model": "api.jobtype", "pk": 2, "fields": {"name": "Техническая"}}, {"model": "api.workinghours", "pk": 1, "fields": {"name": "9:00 - 17:00"}}, {"model": "api.workinghours", "pk": 2, "fields": {"name": "8:30 - 18:00"}}, {"model": "api.workinghours", "pk": 3, "fields": {"name": "9:00 - 18:15"}}, {"model": "api.workinghours", "pk": 4, "fields": {"name": "8:00 - 17:00"}}, {"model": "api.vacancy", "pk": 1, "fields": {"title": "Санитар", "branch": "", "location": "Энергетиков 11", "salary": "до 50000 руб", "employment_type": "полная", "experience": "не обязателен", "work_schedule": 9, "required_experience": 8, "job_type": 2, "is_new": true, "description": "", "skills": "это нужный навык", "working_hours": null, "is_active": true, "created_at": "2026-05-03T20:51:07.191Z"}}, {"model": "api.vacancy", "pk": 5, "fields": {"title": "Senior Python Developer (Backend)", "branch": "", "location": "Москва, м. Белорусская", "salary": "280 000 – 350 000 ₽ на руки", "employment_type": "Полная занятость, полный день", "experience": "3–6 лет коммерческой разработки", "work_schedule": 8, "required_experience": 9, "job_type": 2, "is_new": true, "description": "", "skills": "Python (3.10+)\r\nFastAPI/Django\r\nPostgreSQL\r\nRedis\r\nDocker\r\nKubernetes", "working_hours": null, "is_active": true, "created_at": "2026-05-04T05:53:28.583Z"}}, {"model": "api.vacancy", "pk": 6, "fields": {"title": "Руководитель отдела маркетинга", "branch": "", "location": "Санкт-Петербург (м. Петроградская)", "salary": "от 200 000 ₽ + ежемесячная премия до 40%", "employment_type": "Полная занятость, гибкий график", "experience": "от 4 лет на руководящей позиции", "work_schedule": 5, "required_experience": 8, "job_type": 1, "is_new": true, "description": "Мы ищем Senior Python Developer для усиления backend-команды и разработки высоконагруженного сервиса с многомиллионной аудиторией. Вам предстоит проектировать архитектуру микросервисов, оптимизировать работу с PostgreSQL и Redis, а также внедрять асинхронное программирование на FastAPI или Django. Вы будете заниматься рефакторингом кода, настройкой CI/CD пайплайнов и контейнеризацией с помощью Docker и Kubernetes. Ожидается, что вы станете техническим лидером: менторить junior-разработчиков, проводить код-ревью и влиять на выбор технологического стека. Мы предлагаем удалённую работу, конкурентную зарплату и интересные задачи с возможностью роста до Team Lead.", "skills": "Управление командой\r\nБюджетирование\r\nSEO/SMM/PPС\r\nАналитика (Яндекс.Метрика, GA4)", "working_hours": 1, "is_active": true, "created_at": "2026-05-04T05:56:10.150Z"}}, {"model": "api.vacancy", "pk": 7, "fields": {"title": "Менеджер по продажам", "branch": "", "location": "Удаленно", "salary": "60 000 ₽ (оклад) + от 15% с каждой сделки", "employment_type": "Удаленная работа / полный день", "experience": "1+ год в B2B продажах", "work_schedule": 1, "required_experience": 9, "job_type": 1, "is_new": false, "description": "", "skills": "Холодные звонки\r\nПроведение онлайн-демонстраций (Zoom/Skype)\r\nВедение воронки в CRM", "working_hours": null, "is_active": true, "created_at": "2026-05-04T05:58:15.798Z"}}, {"model": "api.corruptionreport", "pk": 1, "fields": {"full_name": "Тестовый нарушитель", "email": "email@email.ru", "message": "Он сделал что-то плохое", "attachment": "", "created_at": "2026-05-30T22:46:48.263Z"}}, {"model": "api.corruptionreport", "pk": 2, "fields": {"full_name": "Тест нарушителя 2", "email": "email@email.ru", "message": "Плохо", "attachment": "corruption_reports/placeholder__копия_2.docx", "created_at": "2026-05-30T22:50:20.611Z"}}, {"model": "api.jobapplication", "pk": 2, "fields": {"vacancy_title": "Руководитель отдела маркетинга", "last_name": "Байчук", "first_name": "Владислав", "middle_name": "Евгеньевич", "birth_date": "2003-05-17", "phone": "+79224383273", "email": "pocyk228@gmail.com", "registration_address": "г. Сургут, ул. Югорская", "residence_address": "г. Сургут, ул. 30 лет Победы", "citizenship": "Русский", "education": "Среднее специальное", "specialty": "Программист", "municipal_experience": "0", "work_experience": "-", "marital_status": "single", "children": "0", "photo": "", "resume": "resumes/Inquiry.pdf", "vacancy_source": "от друзей", "created_at": "2026-05-04T07:36:11.703Z"}}, {"model": "api.jobapplication", "pk": 3, "fields": {"vacancy_title": "Руководитель отдела маркетинга", "last_name": "Иван", "first_name": "Иванов", "middle_name": "Иванович", "birth_date": "2001-01-01", "phone": "88005553535", "email": "pocyk128@gmail.com", "registration_address": "адрес прописки", "residence_address": "адрес проживания", "citizenship": "Украинец", "education": "высшее", "specialty": "Программист", "municipal_experience": "4 года", "work_experience": "-", "marital_status": "married", "children": "2", "photo": "", "resume": "resumes/Inquiry_qvQGnHm.pdf", "vacancy_source": "по объявлению", "created_at": "2026-05-04T07:38:28.297Z"}}]